lender_first_cho_muon	chị Mai cho mượn 2tr đóng tiền nhà
lender_first_cho_muon	Tuấn cho vay 5 triệu, hẹn tháng sau trả
lender_first_cho_muon	ông ngoại cho mượn 10tr sửa mái
lender_first_cho_muon	thg Khoa cho muon tam 300k an trua
lender_first_cho_muon	anh Quan cho vay 15tr lam von
lender_first_cho_muon	me cho muon 1tr5 tra tien dien
lender_first_cho_muon	sếp cho mượn 3tr trước
lender_first_cho_muon	Vinh cho minh vay 800k tien nha
lender_first_cho_muon	được cô Hà cho vay 4 củ
subject_first_muon	chị Mai mượn 2tr đóng tiền nhà
subject_first_muon	Tuấn vay 5 triệu, hẹn tháng sau trả
subject_first_muon	thg Khoa muon 300k
subject_first_muon	em họ mượn 1tr đóng học
subject_first_muon	Phúc vay 700k mua điện thoại
subject_first_muon	ban cung lop muon 400k mua sach
subject_first_muon	anh Duc muon 2tr dong hoc phi
subject_first_muon	Hằng vay 150k, mai trả
subject_first_muon	chi Nga vay 10 cu, cuoi nam tra
family_gift_in	mẹ gửi 500k tiêu vặt
family_gift_in	ông nội cho 1 triệu mua sách
family_gift_in	ba cho 2tr ăn tết
family_gift_in	chi hai cho 300k
family_gift_in	bà ngoại dúi cho 200k
family_gift_in	bo me cho 5tr dong hoc
family_gift_in	được cô Út cho 500k
family_gift_in	cau cho 1tr mung sinh nhat
family_gift_in	anh trai cho 1tr5
gift_out	lì xì bé Bin 100k
gift_out	li xi ong ngoai 1tr
gift_out	mừng tuổi ông bà 1 triệu
gift_out	cho mẹ 2tr đi chợ tết
gift_out	gửi ba 3 triệu biếu tết
gift_out	li xi be Su 50k
gift_out	biếu bác Tư 1tr
gift_out	gui em gai 500k tieu tet
gift_out	tặng Vy 300k sinh nhật
insurance_premium	đóng bảo hiểm xe máy 66k
insurance_premium	phí bảo hiểm sức khỏe quý 3 1tr8
insurance_premium	dong bh y te cho con 700k
insurance_premium	gia hạn bảo hiểm ô tô 5tr2
insurance_premium	bao hiem xe hoi nam nay 4tr9
insurance_premium	đóng phí bảo hiểm prudential 2tr
insurance_premium	phí bh aia tháng 12 1tr1
insurance_premium	mua bảo hiểm du lịch 250k
insurance_premium	bhxh tu dong thang nay 1tr5
insurance_payout	bảo hiểm thanh toán tiền viện 4tr
insurance_payout	bao hiem boi thuong xe 3tr5
insurance_payout	prudential chi trả tiền mổ 12tr
insurance_payout	bảo việt duyệt bồi thường 2tr4
insurance_payout	nhận tiền bảo hiểm tai nạn 6tr
insurance_payout	bh hoan tien thuoc 320k
insurance_payout	tiền bảo hiểm nằm viện về 2tr8
insurance_payout	baohiem tra tien ve may bay bi huy 1tr2
insurance_payout	bảo hiểm xe trả tiền sửa đèn 700k
windfall	xổ số trúng 2 triệu
windfall	trung vietlott 10tr
windfall	bốc thăm trúng thưởng 1tr
windfall	trung giai nhat cuoc thi anh 3tr
windfall	quay số trúng 500k
windfall	được giải ba hội thao 800k
windfall	nhat duoc 200k ngoai duong
windfall	minigame shopee trúng 100k
windfall	trúng lô 1tr2
loan_installment	thanh toan ky 5 khoan vay mua can ho 7tr6
loan_installment	dong tien vay tin chap thang 11 2tr3
loan_installment	góp khoản vay mua xe tháng này 4tr1
loan_installment	tra no vay sinh vien ky 3 1tr
loan_installment	vay mua nhà techcombank trả kỳ tháng 12 9tr5
loan_installment	khoan vay online tamo dong ky 2 900k
loan_installment	thanh toán khoản vay thế chấp kỳ 14 6tr
loan_installment	vay ngan hang tra thang nay 3tr2
loan_installment	tra goc lai khoan vay mb 5tr
title_name_span	vay cô Lan 3tr
title_name_span	cho dì Hương mượn 2tr
title_name_span	bác Thành hoàn lại 1tr đã mượn
title_name_span	chú Bình gửi lại 500k tiền xăng
title_name_span	muon chu Dung 5 cu
title_name_span	trả dì Loan 1tr tiền mượn
title_name_span	co Nhung cho vay 20tr mo tiem
title_name_span	chú Tư cho mượn 4tr
title_name_span	bác Hùng mượn 6tr
